Aila Paloniemi;http://www.ailapaloniemi.net
Aino-Kaisa Pekonen;http://www.aino-kaisa.fi
Anders Adlercreutz;http://www.andersadlercreutz.fi
Anna Kontula;http://www.annakontula.fi
Anna-Maja Henriksson;http://www.anna-maja.fi
Anne Kalmari;http://www.annekalmari.fi
Anne Louhelainen;http://www.annelouhelainen.net
Anneli Kiljunen;http://annelikiljunen.net
Anne-Mari Virolainen;http://www.annemarivirolainen.fi
Antero Laukkanen;http://www.anterolaukkanen.fi
Antero Vartia;http://anterovartia.puheenvuoro.uusisuomi.fi/
Antti Häkkänen;http://www.anttihakkanen.fi
Antti Kaikkonen;http://www.anttikaikkonen.fi
Antti Kurvinen;http://www.anttikurvinen.fi
Antti Lindtman;http://www.anttilindtman.fi
Antti Rantakangas;http://www.rantakangas.fi
Antti Rinne;http://anttirinne.fi
Anu Vehviläinen;http://www.anuvehvilainen.fi
Ari Jalonen;http://www.arijalonen.fi
Ari Torniainen;http://www.aritorniainen.fi
Arja Juvonen;http://www.arjajuvonen.fi
Arto Pirttilahti;http://www.artopirttilahti.fi
Ben Zyskowicz;http://www.benkku.fi/
Eerikki Viljanen;http://www.eerikki.fi
Eero Lehti;http://www.eerolehti.fi
Eero Reijonen;http://www.eeroreijonen.net/
Eero Suutari;http://www.eerosuutari.fi
Eeva-Johanna Eloranta;http://www.eeva-johanna.net
Eeva-Maria Maijala;http://www.eeva-mariamaijala.fi
Elina Lepomäki;http://www.xn--lepomki-9wa.net/
Emma Kari;http://www.emmakari.fi/
Erkki Tuomioja;http://www.tuomioja.org
Esko Kiviranta;http://www.eskokiviranta.fi
Eva Biaudet;http://www.evabiaudet.fi
Hanna Halmeenpää;http://www.hannahalmeenpaa.fi
Hanna Kosonen;http://hannakosonen.fi
Hanna Sarkkinen;http://www.hannasarkkinen.fi
Hannakaisa Heikkinen;http://www.hannakaisaheikkinen.fi
Hannu Hoskonen;http://www.hannuhoskonen.fi
Harri Jaskari;http://www.harrijaskari.fi
Heli Järvinen;http://www.helijarvinen.fi
Ilkka Kanerva;http://www.ike.fi
Ilkka Kantola;http://www.ilkkakantola.fi/
Jaana Pelkonen;http://www.jaanapelkonen.com
Jani Mäkelä;http://www.janimakela.fi
Jani Toivola;http://www.janitoivola.net
Jari Leppä;http://www.jarileppa.fi
Jari Lindström;http://www.jarppalindstrom.net
Jari Myllykoski;http://www.jarimyllykoski.com
Jari Ronkainen;http://www.jarironkainen.fi
Joakim Strand;http://www.joakimstrand.fi/
Johanna Karimäki;http://www.johannakarimaki.fi
Johanna Ojala-Niemelä;http://www.johannaojala-niemela.fi
Juha Pylväs;http://www.juhapylvas.fi
Juha Rehula;http://www.juharehula.fi
Juha Sipilä;http://www.juhasi.fi
Juhana Vartiainen;http://www.juhanavartiainen.fi
Juho Eerola;http://www.juhoeerola.wordpress.com
Jukka Gustafsson;http://www.jukkagustafsson.net
Jukka Kopra;http://www.jukkakopra.fi
Jutta Urpilainen;http://www.juttaurpilainen.fi
Jyrki Kasvi;http://www.kasvi.org
Kai Mykkänen;http://www.kaimykkanen.fi
Kaj Turunen;http://www.kajturunen.fi
Kalle Jokinen;http://www.kallejokinen.fi
Kari Kulmala;http://www.karikulmala.fi
Kari Tolvanen;http://www.karitolvanen.fi
Katja Hänninen;http://katjahanninen.fi/
Katja Taimela;http://www.katjataimela.com
Katri Kulmuni;http://www.katrikulmuni.fi
Kauko Juhantalo;http://www.kaukojuhantalo.com/
Kimmo Kivelä;http://www.kimmokivela.fi
Kimmo Tiilikainen;http://www.tiilikainen.org
Krista Kiuru;http://kristakiuru.fi
Krista Mikkonen;http://www.kristamikkonen.fi
Kristiina Salonen;http://www.kristiinasalonen.fi
Lasse Hautala;http://www.lassehautala.fi
Laura Huhtasaari;http://www.laurahuhtasaari.com
Lauri Ihalainen;http://lauriihalainen.fi/
Lea Mäkipää;http://www.leamakipaa.fi
Leena Meri;http://www.leenameri.fi
Lenita Toivakka;http://www.lenitatoivakka.fi
Li Andersson;http://www.liandersson.fi
Maria Guzenina;http://www.mariaguzenina.net
Maria Lohela;http://www.marialohela.fi
Mari-Leena Talvitie;http://www.mari-leena.net
Marisanna Jarva;http://www.marisanna.fi
Markku Eestilä;http://www.eestila.fi
Markku Pakkanen;https://www.markkupakkanen.fi/
Markku Rossi;http://www.markkurossi.net
Markus Lohi;http://www.markuslohi.fi
Martti Talja;http://marttitalja.fi
Mats Löfström;http://www.lofstrom.ax
Mats Nylund;http://www.matsnylund.fi
Matti Vanhanen;http://www.mattivanhanen.fi/
Mauri Pekkarinen;http://www.mauripekkarinen.fi
Merja Mäkisalo-Ropponen;http://www.merjamakisalo.fi
Mia Laiho;https://www.mialaiho.net/
Mika Kari;http://www.mikakari.fi
Mika Niikko;http://www.mikaniikko.fi
Mikaela Nylander;http://nylandermikaela.fi/
Mikko Alatalo;http://www.mikkoalatalo.net
Mikko Kärnä;http://www.lapinpuolustaja.fi
Mikko Savola;http://www.mikkosavola.fi
Mirja Vehkaperä;http://www.mirjavehkapera.fi
Olavi Ala-Nissilä;http://olaviala-nissila.net
Olli Immonen;http://www.olliimmonen.net
Olli-Poika Parviainen;http://www.ollipoikaparviainen.fi
Outi Alanko-Kahiluoto;http://www.outialanko.fi
Ozan Yanar;http://www.ozan.fi
Paavo Väyrynen;https://www.paavovayrynen.fi/
Paula Risikko;http://www.paularisikko.fi
Pauli Kiuru;http://www.paulikiuru.fi
Pekka Haavisto;http://www.pekkahaavisto.com
Pentti Oinonen;http://www.penttioinonen.info
Pertti Hakanen;http://www.perttihakanen.fi
Pertti Salolainen;http://www.perttisalolainen.fi
Petri Honkonen;http://www.petrihonkonen.fi/
Petteri Orpo;http://www.orpo.fi
Pia Viitanen;http://www.piaviitanen.fi
Pilvi Torsti;http://www.pilvitorsti.fi
Rami Lehto;http://www.ramilehto.fi
Reijo Hongisto;http://www.reijohongisto.fi
Riitta Myller;http://riittammmyller.blogspot.fi/
Ritva Elomaa;http://www.kikeelomaa.com
Saara-Sofia Sirén;http://www.saarasofia.fi
Sami Savio;https://www.samisavio.net/
Sampo Terho;http://www.sampoterho.fi
Sanna Lauslahti;http://www.lauslahti.net
Sanna Marin;http://www.sannamarin.net
Sanni Grahn-Laasonen;http://sannigrahnlaasonen.fi
Sari Multala;http://www.sarimultala.fi
Sari Raassina;http://www.sariraassina.fi
Sari Sarkomaa;http://www.sarisarkomaa.fi
Sari Tanus;http://www.saritanus.fi
Satu Hassi;http://www.satuhassi.fi
Satu Taavitsainen;http://www.satutaavitsainen.com
Seppo Kääriäinen;http://www.seppokaariainen.fi
Simon Elo;http://www.simonelo.fi
Sinuhe Wallinheimo;http://www.sinuhewallinheimo.fi
Sirkka-Liisa Anttila;http://www.sirkka-liisa.com
Sirpa Paatero;http://www.sirpapaatero.net
Sofia Vikman;http://www.sofiavikman.fi
Stefan Wallin;http://www.stefanwallin.fi
Suna Kymäläinen;http://www.sunakymalainen.fi
Susanna Huovinen;http://www.susannahuovinen.fi
Susanna Koski;http://www.susannakoski.fi/
Tapani Tölli;http://www.tapanitolli.fi
Tarja Filatov;http://www.filatov.net
Teuvo Hakkarainen;http://www.teuvohakkarainen.fi
Thomas Blomqvist;http://www.thomasblomqvist.fi/fi/
Tiina Elovaara;http://www.tiinaelovaara.fi/
Timo Heinonen;http://www.timoheinonen.fi
Timo Kalli;http://www.timokalli.fi
Timo V. Korhonen;http://www.timokorhonen.fi
Tom Packalén;http://www.tompackalen.fi
Touko Aalto;http://www.toukoaalto.fi
Tuomo Puumala;http://www.tuomopuumala.fi
Tuula Haatainen;http://www.tuulahaatainen.fi
Tytti Tuppurainen;http://www.tytti.info
Ulla Parviainen;http://www.ullaparviainen.fi
Veera Ruoho;http://www.veeraruoho.kotisivukone.com
Vesa-Matti Saarakkala;http://www.saarakkala.fi
Ville Niinistö;http://www.villeniinisto.fi
Ville Skinnari;http://www.villeskinnari.fi/
Ville Tavio;http://www.villetavio.fi
Ville Vähämäki;http://www.vahamaki.fi
Wille Rydman;http://www.willerydman.fi
